y_true,p_raw,p_calibrated,p_mc_calibrated_mean,mc_std,predictive_entropy,raw_prediction,calibrated_prediction
1,0.9999767,0.9999905850969842,0.999839548380006,0.00036823074162825993,0.002254048957646064,1,1
0,0.9923108,0.9948990645228866,0.966793257729755,0.0634123610761048,0.21022696414789632,1,1
1,0.986271,0.9904122908397579,0.9623481790713516,0.04692494406668112,0.23142029450619025,1,1
0,0.00020401299,9.911195501278636e-05,0.0015634800663358454,0.0025579815268321295,0.016827095082212636,0,0
1,0.99999535,0.9999983622818138,0.9997947045968768,0.0006090690948183778,0.0028110192138444284,1,1
1,0.9999997,0.9999999168756875,0.9999889941339488,3.118900251283152e-05,0.00019715968867316087,1,1
1,0.9997872,0.9998962536352836,0.9995610806292554,0.0008897593173456701,0.00552868756853396,1,1
1,0.99999887,0.9999996461829614,0.9999506600834338,0.00021572279715146976,0.0007770812188617755,1,1
1,0.9976563,0.9985974775791682,0.9949862141128415,0.007740183724552913,0.04551994244794917,1,1
0,0.9912089,0.9940989530148949,0.9464206552095533,0.06946847309916744,0.30141143926409525,1,1
1,0.99999964,0.9999998986934053,0.9999782453052829,6.238960859494696e-05,0.0003683285850772549,1,1
1,0.9996538,0.9998240768997433,0.9976331362500946,0.006824763341344928,0.02405631554908221,1,1
1,0.99785507,0.9987261738084359,0.9899703740320069,0.016291218545601976,0.08098947311332999,1,1
1,0.99999994,0.9999999745798132,0.999994184059521,1.3602435860134251e-05,0.00010953885899675466,1,1
1,0.99377376,0.9959451957443975,0.9526313808551167,0.07539179628557308,0.27511209460651453,1,1
1,0.9971057,0.9982362550942072,0.9902266948756051,0.014993942534913964,0.07928652189957718,1,1
1,0.99995804,0.9999821795353085,0.9996179789151549,0.00221218814523926,0.004888524999285717,1,1
1,0.9152443,0.9296684514413889,0.8320718816966637,0.13917050610017578,0.6529431737267039,1,1
1,0.9998551,0.9999316258119406,0.9993296197828994,0.001812840598359363,0.008034469467554508,1,1
0,0.020605737,0.01492791077167974,0.03207577687783326,0.039678219670312126,0.20469727346198213,0,0
0,0.0003689322,0.00018850230499864839,0.0009586118970869558,0.0016368220128401608,0.010994098276123396,0,0
1,0.9999884,0.9999955741570669,0.9997814365240975,0.00035915274548786524,0.002972943547164287,1,1
1,0.8857451,0.9022099895985024,0.6807225353950911,0.25242549606674913,0.90359399601144,1,1
1,0.9907424,0.9937573886899735,0.9550951301849534,0.06320309465572663,0.26434559527672224,1,1
1,0.99762034,0.9985741043174178,0.9940764691490938,0.0080574108145681,0.05235062884093929,1,1
0,0.0033456627,0.0020644669719266716,0.007267316114584045,0.01638673871544126,0.06207597283300286,0,0
1,0.99997723,0.9999908199948455,0.9996213774045909,0.001630267290488594,0.004849918337380557,1,1
0,0.0104658,0.007134303731240152,0.02516802853718542,0.03054504509715574,0.16954819618013126,0,0
0,0.90341794,0.9187719715062059,0.718670565944797,0.1980854209486145,0.8572559397864269,1,1
1,0.99999595,0.9999985887952267,0.9997986573569321,0.0009411870873156792,0.00276254376403535,1,1
0,0.9608379,0.9698811635658157,0.7745140580945759,0.1966649997963145,0.7700589048585759,1,1
1,0.9989976,0.9994422714347095,0.9933223412128295,0.009833151794183898,0.05785730098617695,1,1
1,0.99998856,0.9999956479848663,0.9997525808832157,0.0005860826587525876,0.0033211740918104005,1,1
1,0.9995121,0.9997446914464017,0.9963734286947457,0.006678404340307144,0.034623797124365516,1,1
1,0.9999992,0.999999765596704,0.9999553169769021,0.00015149209624374144,0.0007101283622094201,1,1
1,0.99949723,0.9997362528077194,0.9965319231610712,0.008073508160707628,0.03333459578719215,1,1
0,0.007319979,0.004835090238813099,0.011455035794016005,0.013228150222608951,0.09029173618197574,0,0
1,0.9982179,0.9989583437300622,0.9914675135620145,0.016210504997761752,0.07089933632643325,1,1
0,0.08473769,0.07031505964286304,0.09619281115133523,0.13536214771989238,0.45680957955743234,0,0
0,0.9661252,0.9743027742161278,0.7607916500734427,0.19993064995442336,0.7937213126573915,1,1
1,0.99999267,0.9999973155251898,0.9998950624802042,0.00027234581668652495,0.0015384681081774692,1,1
0,0.058822487,0.04705641873418958,0.08030758469454982,0.0709844008433226,0.4032620577646163,0,0
0,0.011746602,0.008089918087857384,0.013822315966213514,0.025123863794162385,0.1051813959426516,0,0
0,0.07532304,0.061760261629938605,0.10524410442109797,0.08714387380046143,0.4854019310734199,0,0
0,0.9934163,0.9956914388330217,0.9706899331276528,0.04461177174952291,0.19091998922457767,1,1
1,0.99998826,0.9999955248847844,0.999814392738685,0.0005888859819919708,0.0025684370633102358,1,1
0,0.0069511947,0.004570743261561294,0.010741293141376063,0.01339761853552522,0.08566833753838554,0,0
1,0.9999891,0.9999958688746627,0.9997512448257453,0.0010752912519581233,0.00333717539636963,1,1
1,0.98946,0.9928106086895403,0.9600892608284576,0.05690303495910766,0.24188278175420877,1,1
1,0.9999607,0.9999834120251581,0.9984768853020582,0.00336253011225121,0.01645018018133977,1,1
0,0.08791268,0.07322456937521905,0.19057533656679268,0.16574860126012314,0.7026734690905013,0,0
1,0.99975777,0.9998805879172028,0.9975219774181717,0.005310267378296272,0.025021835491051317,1,1
0,0.0048017274,0.0030571289971416614,0.011559096048312133,0.01717747063881442,0.09096028623316953,0,0
1,0.9999721,0.9999885575214092,0.9993618693631554,0.0011423689788696402,0.0076933637133446255,1,1
0,0.013526047,0.009433410615574985,0.035079566187291925,0.06562530995768173,0.21925832375953858,0,0
0,0.029839125,0.022368215164530005,0.0900027122135416,0.07664545019806328,0.4364788700145479,0,0
1,0.99945384,0.9997114605598644,0.9964482254875153,0.01245977057558001,0.034016673684108885,1,1
0,0.016131027,0.011429560821496527,0.028560480405997343,0.036568826114466095,0.18712055537282155,0,0
0,0.13492486,0.11753434574876476,0.08983706386402585,0.08777434193300927,0.4359257235280747,0,0
1,0.9998728,0.99994064074253,0.9986366273136374,0.0028822109663145155,0.014942994687256607,1,1
0,0.0038013908,0.0023717165577487732,0.007582190816871658,0.012252599241710052,0.064299869144724,0,0
0,0.92842704,0.9416154059921288,0.7086991602722698,0.19288459804304112,0.8703957038849659,1,1
0,0.07942779,0.06547640413995844,0.07910715427579489,0.0779230265345309,0.39902535325551997,0,0
1,0.9976557,0.9985970902153133,0.9895315571921457,0.024673174140362138,0.0838828627930131,1,1
1,0.9999826,0.9999931412333232,0.9998530363567248,0.0002608977228444257,0.0020831864388233612,1,1
1,0.9999822,0.9999929626568048,0.9997699712083582,0.0004781420693133005,0.0031119277223104966,1,1
0,0.023899805,0.01755122744395301,0.07756779561758179,0.08195961080224641,0.3935506440384138,0,0
0,0.9996855,0.9998414930249633,0.998444991407139,0.004624169317485587,0.016748118179994692,1,1
0,0.27469084,0.2585616471935202,0.31728975680404875,0.2268723374638449,0.9014097821642328,0,0
0,0.0022493848,0.0013413278584210185,0.0054056915217565405,0.009203858887399635,0.04848955952758299,0,0
1,0.9999618,0.9999839030472242,0.9997546094247722,0.00040782014293989634,0.003296859322700492,1,1
0,0.9992187,0.9995744322648056,0.994540819255609,0.0080282837666482,0.04889160228813935,1,1
0,0.32872024,0.3154743152892146,0.3432421975601777,0.26354450658767375,0.9278875259542139,0,0
1,0.9998492,0.9999285993293326,0.9985522708358304,0.00383863916575501,0.015742089761471616,1,1
1,0.9970193,0.9981789735546158,0.9888022020899037,0.016954556070115846,0.08863312756748686,1,1
1,0.9999004,0.9999544762863448,0.9993149870095094,0.0009931730128006856,0.00818849583749864,1,1
1,0.7277288,0.7439632543865515,0.6416205255605385,0.22625512932638517,0.9413298041535714,1,1
0,0.26346642,0.24686829708980887,0.16263357234658846,0.16579078881415021,0.6405728344861781,0,0
0,0.9349963,0.9474818423842992,0.7699820600385006,0.17689395693146723,0.7780425756175966,1,1
1,0.99981356,0.9999101149714591,0.9976626658935546,0.00652291706117706,0.02379856760170981,1,1
1,0.99994063,0.9999740334119352,0.9997049654280196,0.0007034791907352323,0.003885401903903927,1,1
1,0.9996765,0.9998365643181812,0.9981298853656029,0.0030192389881828854,0.019643689307499726,1,1
1,0.99996966,0.9999874659362817,0.9994082896131666,0.0017594272645397467,0.007198209687962914,1,1
0,0.02946706,0.022063463427215425,0.08143626809738536,0.09582808521861363,0.4072198613322568,0,0
0,0.004011866,0.0025147379912193383,0.00432090741074852,0.011275425540345335,0.040158615595086544,0,0
0,0.49934825,0.4992928712269647,0.37191607627338313,0.22684649133307383,0.9521319536965474,1,1
0,0.0009762629,0.0005419779449993291,0.004996020746702955,0.007364922084197869,0.04538430197357943,0,0
1,0.9984361,0.9990960693375481,0.9908725357281599,0.014301898010968164,0.07495164249487077,1,1
1,0.8307342,0.848902668972322,0.5067451407188088,0.23669421361343487,0.9998687196466406,1,1
0,0.0044453144,0.002811323824943203,0.007590086073722949,0.010157201481221704,0.06435538410987338,0,0
1,0.99999046,0.9999964290792921,0.9999272676040829,0.00021201828670369598,0.0011047821794242254,1,1
0,0.9983029,0.9990121731448548,0.9657362527419755,0.08347575084227497,0.2153430257307147,1,1
1,0.9999781,0.9999912104417544,0.9998230862802344,0.0003812973023508975,0.0024603804742474407,1,1
0,0.3060437,0.2914715094409358,0.12703645633463514,0.13348756342783283,0.5492542739572439,0,0
1,0.99999666,0.9999988568484547,0.9999527453275003,8.746394757711713e-05,0.0007471835305790873,1,1
1,0.9999859,0.9999945309869032,0.9995286783093108,0.001852821905654742,0.0058883893438607315,1,1
1,0.999957,0.9999817121579703,0.9990727234009207,0.0015710461242280569,0.010679202180774568,1,1
0,0.01844756,0.013230532781596261,0.021225780420734277,0.030740966968525796,0.14826871932222146,0,0
0,0.0036022798,0.002237055347194712,0.010231139638411768,0.014216599824276494,0.08232157957378007,0,0
1,0.9997225,0.9998616005194689,0.9989511913282629,0.00193303083329317,0.011892411098903741,1,1
1,0.99994045,0.9999739485395519,0.9995692531010074,0.0008204591724055517,0.00543742848370645,1,1
1,0.9996041,0.999796502891431,0.9975349494909573,0.00431240614791064,0.024909538752586422,1,1
1,0.29846582,0.2834860905426082,0.39646016366443587,0.19061324516175962,0.9688422238456724,0,0
0,0.99991685,0.9999625743789073,0.999261959749908,0.0013922549543963199,0.008742954260770278,1,1
1,0.9999117,0.9999600645206348,0.998839029027167,0.003354163549155213,0.012993946606419964,1,1
1,0.9999798,0.9999919356113509,0.9996388819341179,0.0007185523625710127,0.0046503615587811424,1,1
0,0.19263738,0.17440435684662975,0.1376182436890267,0.1167532852106705,0.57796705684078,0,0
0,0.8690401,0.8862818360135933,0.621027722409873,0.2480249350102766,0.957312938967016,1,1
1,0.9934767,0.9957343911791987,0.9868168464875261,0.021064129975731916,0.10122426052486065,1,1
0,0.38199097,0.372387527916717,0.5856623349177194,0.2244076811416151,0.9787220899189591,0,0
1,0.5017934,0.5019457749776667,0.5405573605539299,0.23003607809655194,0.995248604909256,1,1
1,0.99997044,0.9999878128881857,0.9996595388496785,0.0007192329340410949,0.004413286090509214,1,1
0,0.14806287,0.13027034887834346,0.46665384471266785,0.2075224956253698,0.9967891614188257,0,0
1,0.999944,0.9999756136399119,0.9993412189398786,0.0015768541727455656,0.00791204816813475,1,1
0,0.048521843,0.03809301153108267,0.2296580218755665,0.18945877016364607,0.7774146823607881,0,0
1,0.97494054,0.9815166233362341,0.9476477914944358,0.07281708048273089,0.29630616411736305,1,1
1,0.984624,0.9891523644571393,0.9707350170735242,0.04420212272730912,0.19069228437059202,1,1
1,0.9997512,0.9998770767083753,0.9993766267210225,0.0009096599992508809,0.00753649650797603,1,1
0,0.122088134,0.10522786895230636,0.08586971688150716,0.09540455267230227,0.42253109789465043,0,0
0,0.0043933108,0.0027756007180168274,0.01022102719568637,0.01746485451458769,0.08225487007981629,0,0
1,0.999892,0.9999502937361976,0.999539106575,0.0008920971540788241,0.005772985911895947,1,1
1,0.99979603,0.9999009122391718,0.999451761884159,0.0014548449174789505,0.006729737587489751,1,1
1,0.9967993,0.9980325160189688,0.983944846896195,0.037418036688050896,0.11867762031489018,1,1
0,0.93627256,0.948614310736394,0.8817850661328631,0.14118757713948873,0.52420788735608,1,1
1,0.99999523,0.9999983166713337,0.9998670038455192,0.0005833783730741023,0.001904362220406997,1,1
0,0.9954735,0.9971328362363013,0.9579826844729538,0.07150238255367182,0.25146625943133016,1,1
0,0.8035408,0.8217524859271917,0.5564981039733168,0.23768428419359655,0.9907700312376128,1,1
1,0.99999744,0.9999991417066255,0.9999473183411974,0.000198859824881093,0.0008247311968125306,1,1
0,0.21515413,0.19716615655953776,0.2733744757507716,0.21901863865506846,0.8462652305721966,0,0
1,0.8915323,0.9076679303662997,0.8657053753842034,0.1425267808800007,0.5690996588888129,1,1
1,0.99027157,0.9934110940449625,0.96698490990149,0.047246287941870496,0.20929400643996127,1,1
0,0.9459766,0.9571422621936341,0.9119968241472585,0.0965934651267504,0.42976932282020125,1,1
1,0.99123454,0.9941176711041989,0.956847728798605,0.05727397208615218,0.2565630923631802,1,1
0,0.9402474,0.9521255236217192,0.9083746474964985,0.13900246359477492,0.4418718890893582,1,1
1,0.78041315,0.7983203956431703,0.8112455531113395,0.18420028092521026,0.6988585755056097,1,1
1,0.9999637,0.9999847730641781,0.9997419924589696,0.0006904009143447624,0.003447705248320054,1,1
0,0.021743158,0.015829464134885025,0.13088732000486122,0.13738072380869618,0.5598666515730576,0,0
1,0.99999595,0.9999985887952267,0.9998163232507906,0.0008164910413490097,0.002544493458835217,1,1
1,0.99980474,0.99990549110104,0.99853735855306,0.0031554928880245378,0.01588260054903252,1,1
0,0.013871564,0.00969625316033813,0.05881972609720508,0.0716080300762997,0.3227417454506839,0,0
1,0.99997914,0.9999916513080517,0.9997857784273728,0.0004894934344095162,0.0029200861992614057,1,1
1,0.93530667,0.9477574603247652,0.8540731194665127,0.12204462993876375,0.5995527504391952,1,1
0,0.06756703,0.0547999297239704,0.19049337665793342,0.15439265572843275,0.7025024254244322,0,0
0,0.0024406486,0.0014656300228020355,0.007313235418170661,0.010447438009798929,0.06240150658249842,0,0
0,0.17535901,0.15714012110711145,0.13499994529233159,0.12611987589201287,0.570992813474504,0,0
0,0.005482949,0.0035313634755121423,0.10614394037873927,0.12465931276732099,0.4881742168048046,0,0
0,0.04561821,0.035600583465648795,0.03984866188001374,0.038303149654432454,0.24159787871716143,0,0
0,0.9496812,0.960356655033554,0.9064027989152543,0.12454927074983523,0.4483641767224826,1,1
1,0.9820066,0.9871243347102326,0.9067711759894499,0.08194309336527128,0.4471563600439859,1,1
1,0.9999544,0.9999804981681111,0.999820249996872,0.0006377887623714454,0.0024957004437833846,1,1
0,0.9378332,0.9499957915334978,0.7089597944225923,0.20393859495460198,0.8700611605793629,1,1
1,0.9998923,0.9999504425409286,0.9734127194770354,0.09508278456217868,0.17697727771111113,1,1
0,0.002337788,0.001398671491032122,0.008517604401040988,0.01239168312091578,0.07079721987877481,0,0
1,0.97993684,0.9855004888791731,0.9180407836872544,0.10456924936537913,0.40904526616253056,1,1
1,0.9999256,0.9999668336421935,0.9991369612589799,0.002246084983175502,0.01002882031941094,1,1
1,0.9999633,0.9999845830730406,0.9991842938780805,0.0022625541967362943,0.009545204914980834,1,1
1,0.9999771,0.9999907678355817,0.999483251849407,0.0017946036787733503,0.006387303383157091,1,1
1,0.9992411,0.9995876651789629,0.9979035631021665,0.004778756112284276,0.02167511685607099,1,1
1,0.97875506,0.9845660073591106,0.9509501674358839,0.08191839353652602,0.2823469212179793,1,1
1,0.9999877,0.9999953026387508,0.9998732773844694,0.0005138734452885164,0.0018233663466203382,1,1
0,0.00058589363,0.00031139152334050434,0.000610190018383101,0.0008874518367343923,0.0073959353983413445,0,0
0,0.97408444,0.9808257642325746,0.9189078065406581,0.1001157553686629,0.40601595838872995,1,1
1,0.9999984,0.9999994819674755,0.9999284896123194,0.00015002944226641336,0.0010879684135858942,1,1
1,0.999978,0.999991158459323,0.9995881247322346,0.0012291004492866872,0.005225833353411916,1,1
0,0.06402605,0.05165044120195034,0.14571483647155997,0.15721556123449765,0.5990119656275692,0,0
0,0.82884353,0.847030287544254,0.7302965097620442,0.24707599338751887,0.8410388415258112,1,1
0,0.25693402,0.24008647032249222,0.37200354757331683,0.2439163052384846,0.9521980566437099,0,0
1,0.99971926,0.9998598578737653,0.9987246648679262,0.0020165263691464277,0.014100975721411405,1,1
1,0.81701404,0.8352620702425517,0.6939704102264115,0.20122150899759506,0.8885370136120044,1,1
1,0.9699303,0.9774427282010237,0.9671422224499507,0.04383413831961777,0.20852697313326657,1,1
1,0.99995136,0.9999790836126444,0.9994595196850922,0.0010089494517398427,0.006645624561424746,1,1
1,0.99921894,0.9995745732133773,0.9934752752638254,0.01119611117718047,0.056751047181421134,1,1
1,0.99994236,0.9999748527152522,0.9995732344804444,0.0008528493631839326,0.005392889025646729,1,1
1,0.99999917,0.9999997459710029,0.9998441096427613,0.0007934598001348455,0.002196458229895048,1,1
0,0.040757746,0.031465590227906105,0.0820573630141708,0.0678191724249192,0.40938727204068237,0,0
1,0.9999726,0.9999887695886529,0.9970076274073019,0.013844520468274507,0.029400146922680746,1,1
1,0.6361171,0.6470307995157014,0.5467713474514749,0.255163861712832,0.9936788015623511,1,1
0,0.22123714,0.20336254229942857,0.19912192930015793,0.15732436689710833,0.7201684736332059,0,0
1,0.99994695,0.9999770178195747,0.9992493847105292,0.0031192597100708104,0.00887361793920908,1,1
0,0.9545698,0.9645602585532745,0.8489151679155963,0.1321311814808152,0.6125484523070203,1,1
1,0.87928456,0.896079599097946,0.6794624772578055,0.2423226929652292,0.9049650362066015,1,1
1,0.9980219,0.9988333938398085,0.9932986522791422,0.012917748389785924,0.058028197753573436,1,1
1,0.97363055,0.9804585732611243,0.9527295467369321,0.06042753189396931,0.2746868905791896,1,1
1,0.9999044,0.9999564533851567,0.9938882720308,0.013749171483920939,0.053737253914520874,1,1
1,0.99999845,0.9999995027511063,0.9999674557199546,0.000187980543626933,0.0005320959859865604,1,1
0,0.97177094,0.9789477992293174,0.8667058348808915,0.176190956596462,0.5664037255739118,1,1
0,0.008024313,0.005343250436132657,0.011649291408126919,0.01589274423496063,0.09153865264306221,0,0
0,0.13804539,0.12054693091756344,0.18620722263200093,0.14391957064682986,0.6934694915362295,0,0
1,0.99986213,0.9999352194156492,0.9990737049356597,0.0026926026184517582,0.010669314063607268,1,1
0,0.06322594,0.05094135714228329,0.0772847798737011,0.07805123705600459,0.3925389279595941,0,0
1,0.9757028,0.9821298427919891,0.8646187284247592,0.1568949048187971,0.5720137717834113,1,1
0,0.0035753571,0.0022188964673695685,0.01954127791191925,0.024194744444608757,0.13885714804296814,0,0
1,0.99834317,0.9990376105934491,0.9876855919376516,0.020250987434362704,0.09577265239978515,1,1
1,0.9991792,0.999551019866369,0.9959087484212124,0.006713600773316562,0.038347226687020626,1,1
0,0.054631073,0.04338728070675156,0.10255988532949735,0.1030404134451661,0.4770581091593192,0,0
0,0.99748474,0.9984856487479166,0.9835453620099496,0.026110047544515236,0.12104232102751902,1,1
1,0.99581575,0.9973676331462,0.9776255384898956,0.037202756024749865,0.15457255258965344,1,1
1,0.9959424,0.9974541060366008,0.9913145839314375,0.012971732152782172,0.07194652073188094,1,1
1,0.99999803,0.9999993559599762,0.9999821740686086,4.352402194497284e-05,0.0003069330401770651,1,1
0,0.62470025,0.6347954850143642,0.535616743722345,0.23456048443123861,0.9963366295953904,1,1
1,0.9735668,0.9804069286526057,0.8931269977067389,0.1453835175423786,0.4904113350111775,1,1
1,0.12840533,0.11126642587009804,0.2710529431975319,0.20455889051818113,0.842971489150095,0,0
1,0.9925637,0.9950812964932315,0.9616137912143392,0.04586374608580531,0.23484345088456623,1,1
1,0.9941034,0.9961780445083359,0.9865687339845747,0.024945672582161176,0.10276562021172465,1,1
1,0.97385377,0.9806392329550991,0.9148839170721622,0.08800450118710433,0.4199543310978538,1,1
1,0.999212,0.9995704842122827,0.9929761391937358,0.009177723206292041,0.06034294709664916,1,1
1,0.99894726,0.999411787869309,0.9940618785716575,0.011858676221045545,0.05245843817582485,1,1
1,0.9999928,0.9999973628516569,0.9999097611738635,0.00040366282911316343,0.0013426203706749162,1,1
0,0.50205374,0.5022282506902238,0.2508867797417883,0.22090829867777856,0.8126806141318291,1,1
1,0.99285746,0.9952922493477423,0.9711971547629432,0.048948656423979255,0.18835219234765535,1,1
0,0.0191321,0.0137669662263149,0.03317707640493847,0.04476694939816115,0.21008265970597295,0,0
1,0.99991006,0.9999592446421075,0.9990121362641744,0.0017890697542232974,0.011286721079085656,1,1
1,0.99999785,0.999999292196774,0.9999715020204996,0.00010844907666803067,0.00047139805467367817,1,1
1,0.9975162,0.9985062160018855,0.9836134642234058,0.030167686214561038,0.12064021389335075,1,1
1,0.9996403,0.9998166032861514,0.9976669226077819,0.004432479768963173,0.023761368763984964,1,1
1,0.9999991,0.99999972622572,0.9999768370108305,5.389512585189943e-05,0.0003900762580137173,1,1
1,0.9997228,0.9998617617887156,0.9990848776611911,0.003056729628750614,0.010556652237327803,1,1
0,0.028933577,0.021627163086815768,0.19753841297138608,0.2024867204533584,0.7169775178269076,0,0
1,0.9998207,0.9999138504375785,0.9990063633178334,0.00187592259222942,0.01134432216945877,1,1
1,0.99984276,0.9999252862034612,0.9982843416152015,0.003024734313089259,0.01823483862270178,1,1
0,0.011542643,0.007937073900081165,0.011031943573799724,0.011285207131938941,0.08755917873706887,0,0
0,0.8644373,0.8818505066805317,0.6036472501476156,0.229054221636081,0.9687770669587604,1,1
0,0.02954458,0.022126928539151967,0.040777426611578085,0.04984279871844005,0.24584537719341795,0,0
1,0.95599324,0.9657756279230867,0.942843065398995,0.09321136384137374,0.31605406511428524,1,1
0,0.07668393,0.06298990038378727,0.12473031229122383,0.1258826942761804,0.5428068541100535,0,0
1,0.9999931,0.9999974808749277,0.9999030885926203,0.00024173297539968722,0.0014319241048138085,1,1
0,0.089947976,0.07509589244941339,0.11024978630131928,0.10955386714901967,0.5006689296164903,0,0
1,0.99999946,0.9999998427131923,0.999956155021248,0.00031038100638264217,0.0006980073377282588,1,1
1,0.99978995,0.9998977033749206,0.9987243168018111,0.0021956494090919786,0.01410432163561583,1,1
0,0.95892334,0.9682645861017242,0.8134223387813897,0.15679952870423655,0.69425704024671,1,1
1,0.99993664,0.9999721328578601,0.9995011841762355,0.0012896296740653025,0.006191072703431068,1,1
0,0.92062104,0.9345679307924093,0.7825637940068885,0.1594359877945102,0.7554583821150922,1,1
0,0.96809447,0.9759324736531947,0.9209083888985709,0.07932723399368795,0.39897031010128325,1,1
1,0.99952585,0.9997525004889278,0.9982012471690745,0.003132211523496212,0.01899516097924341,1,1
0,0.15369558,0.13577153187743118,0.2250395342123295,0.19178196046615226,0.7692633623084986,0,0
1,0.9999854,0.9999943304057537,0.9998163328663787,0.00040320779192995086,0.00254437412634715,1,1
0,0.029382369,0.021994147829359566,0.04355254477235393,0.040461540472873314,0.2583498369895287,0,0
0,0.154059,0.1361272650505812,0.17992614492233006,0.16004574168146793,0.6799154517057328,0,0
1,0.99811566,0.9988933111914513,0.9897320747662647,0.026225108160617596,0.08256412302809193,1,1
0,0.2525515,0.23554668792282718,0.18798695668690615,0.16263728714934483,0.6972412838535682,0,0
0,0.007988592,0.005317378777623698,0.018564596835888535,0.01971960942767778,0.13330349735033595,0,0
1,0.99486417,0.9967109774535095,0.990390904987041,0.01928192645045058,0.07819040683058866,1,1
1,0.9449475,0.956245102147129,0.9226607279394555,0.0914197345648949,0.3927338507695963,1,1
0,0.36198273,0.3509354845223197,0.14956422169616893,0.14094910334795926,0.6087486941056086,0,0
1,0.9960879,0.9975531450150903,0.9910361477281288,0.012192917727207568,0.07384309446980317,1,1
1,0.9999232,0.99996567868335,0.9994192665315732,0.0010828288985458494,0.007080367633138806,1,1
1,0.9950144,0.9968154412610338,0.9752743554984739,0.04710929383223027,0.1672086168038472,1,1
1,0.99930817,0.9996270549293057,0.9947102081455307,0.008939063306320298,0.0476157749130782,1,1
1,0.35031727,0.3384679655789109,0.4682854369624873,0.26909756101251564,0.9970958865154337,0,0
1,0.99941826,0.999691002805406,0.9961965244001065,0.005734440025761872,0.03605091585324997,1,1
1,0.99615115,0.997596092993612,0.9922873798809252,0.013541530141475308,0.06521545103772179,1,1
0,0.005295417,0.0034002618196363526,0.01950306273950373,0.03444741383515591,0.13864122085868516,0,0
1,0.999828,0.9999176351676825,0.9868178943600371,0.038408641704265174,0.10121773639408259,1,1
1,0.9998887,0.999948654596983,0.9989628719572026,0.0019983211152910067,0.011776730927665966,1,1
1,0.93868476,0.9507480442345801,0.879416042379944,0.13391393208519337,0.531037107291787,1,1
0,0.8966225,0.9124412129699457,0.5225972853948812,0.2515602416895635,0.9985261101902605,1,1
1,0.99997795,0.9999911324591166,0.9991780711728384,0.0027925921813539032,0.009609006263116452,1,1
1,0.99981767,0.999912264386328,0.9975366943208486,0.004256510192649798,0.02489442657441192,1,1
0,0.23118773,0.2135390258279643,0.1331353742996922,0.12315385315133147,0.5659746853863923,0,0
0,0.07449474,0.0610130443125335,0.057526743819888294,0.05902599361397749,0.3175477530628781,0,0
1,0.9999308,0.9999693346900439,0.9989464016170975,0.00236400597481227,0.011939792004931846,1,1
1,0.99880546,0.9993253070837312,0.9841374570410392,0.028060970400765512,0.11753230280666434,1,1
1,0.99519813,0.9969427727224424,0.9699260451981998,0.041015275815737794,0.1947626020214784,1,1
1,0.99971086,0.9998552996420919,0.9958366901909453,0.005463548507598713,0.038917541949944116,1,1
0,0.010472423,0.00713921917601661,0.014063757063365578,0.021148977928215948,0.10666482750528199,0,0
1,0.996531,0.9978527282004926,0.9591016775009112,0.05817194102548319,0.24639591234567604,1,1
0,0.0006906927,0.0003722790666751967,0.0013190637434564337,0.0034535065250126174,0.01452027099324693,0,0
0,0.38933733,0.3802834135567193,0.23237711603889516,0.1505629863459643,0.7821321901156938,0,0
1,0.99999845,0.9999995027511063,0.9999419118193837,0.0002398845983608853,0.0009011828785966418,1,1
1,0.9996144,0.9998022483098133,0.9959450553796668,0.006627467423250269,0.038059175474541414,1,1
1,0.9988571,0.9993568957780784,0.9877379469559352,0.015591691087683233,0.0954413109915563,1,1
1,0.9998295,0.9999184090649779,0.9980985920091805,0.003136483994977478,0.019926829424997315,1,1
1,0.9999949,0.9999981792663863,0.9998309106721704,0.0004058928593243428,0.0023626006052500843,1,1
0,0.94924676,0.9599809399701101,0.7815127500818956,0.20197356035444328,0.7573956301940812,1,1
1,0.9996895,0.9998436761042363,0.9937317975716773,0.011813225174988059,0.05488373185745553,1,1
1,0.99477786,0.99665085302228,0.9682123425017483,0.05126460420742861,0.2032791349923807,1,1
1,0.9999653,0.9999855041310182,0.9989823659922589,0.0025234297103803593,0.011583245774961812,1,1
1,0.99998975,0.999996137595102,0.9998371760670908,0.0003195295235885368,0.002283927592844156,1,1
0,0.22651641,0.20875553394637805,0.2950146653915733,0.20628755837773438,0.8751112190783062,0,0
1,0.9989388,0.9994066527157471,0.992131996865756,0.01469535102205581,0.06630202023983396,1,1
0,0.19678901,0.17857959559759767,0.17093882512991457,0.17141537741529614,0.6598479137543452,0,0
0,0.006687839,0.0043827321455428255,0.016657989713497145,0.022922803753288548,0.12224055033673213,0,0
0,0.13374864,0.1164008833884531,0.24235853143110486,0.20854620253880463,0.7989404846607078,0,0
1,0.9999967,0.9999988789796462,0.9997503422276165,0.0007075700768223235,0.0033479795068480107,1,1
1,0.9996428,0.99981798790564,0.9968256796754266,0.004952607471939435,0.030917052705249675,1,1
0,0.20908684,0.19100519828692544,0.2244908857599534,0.18480267405403147,0.7682833582698056,0,0
1,0.9999917,0.9999969346344406,0.9997734297619342,0.0009293780324603872,0.003070091436271756,1,1
1,0.99989223,0.9999504127827822,0.9974751584483001,0.004160686146540234,0.025426325066606924,1,1
1,0.98999363,0.9932059447772297,0.8550703300732966,0.1525820601556901,0.597004980518187,1,1
1,0.99679995,0.9980329538336242,0.9764002095216423,0.04394239486076268,0.16120115382505,1,1
0,0.44243065,0.43758770539977765,0.2350484818925923,0.15596680933953116,0.786708655457478,1,1
1,0.99932194,0.9996351035706673,0.987552489970642,0.01600764987956605,0.09661355956410715,1,1
0,0.047218725,0.03697246027961628,0.07169596721884244,0.08529580432778223,0.372221031919522,0,0
0,0.47559765,0.4735277984369162,0.2981345333111072,0.1682142920095769,0.8789985990293903,1,1
1,0.9999998,0.9999999522440163,0.999992661472114,1.8027948713483992e-05,0.00013575372211108681,1,1
1,0.9998749,0.9999416963593972,0.9981757253777566,0.002966909242141525,0.019227562019145876,1,1
1,0.99999636,0.9999987456988703,0.9996952164887081,0.000768406945591774,0.003999491967759081,1,1
0,0.0032580718,0.0020058179672931215,0.007476888527223021,0.017175091988548944,0.06355829562465024,0,0
1,0.99153113,0.9943339149302574,0.9264643036267324,0.11574922890076679,0.37898175953853197,1,1
1,0.9997185,0.9998594380927517,0.9962751439405311,0.005513455521522329,0.03541818268397008,1,1
1,0.99999404,0.9999978555586596,0.9998215785618018,0.0006484473801585691,0.002479164052529891,1,1
1,0.9999632,0.9999845559164136,0.9986408795650064,0.003020958823403266,0.014902517968840796,1,1
1,0.9999783,0.9999912883702259,0.9996256439910369,0.0008164786091124018,0.004801387759865899,1,1
1,0.9158735,0.9302436695621839,0.5856552423831709,0.26466819720279794,0.9787256308034102,1,1
1,0.99997175,0.9999883982683281,0.9994914765802502,0.001146891628889724,0.006297414856497218,1,1
1,0.9997596,0.9998815759870084,0.9978100793827785,0.0038078479297058506,0.022503667848669667,1,1
1,0.9999988,0.9999996259341322,0.9999522955117037,9.676932801842482e-05,0.0007536439065832407,1,1
0,0.9947799,0.9966522657990867,0.9555647734432539,0.05183134571629224,0.2622704173595851,1,1
1,0.9999788,0.9999914959115435,0.999347026059584,0.0009029691628590936,0.007850647492877666,1,1
0,0.72113556,0.7370778802138964,0.30783059604978713,0.20741238100272202,0.8906533624727255,1,1
0,0.0015031189,0.0008658495574381607,0.003641309701928297,0.006432833816699302,0.034743163373342434,0,0
1,0.99995136,0.9999790836126444,0.9983831887122087,0.005769588590164171,0.017322776629323283,1,1
0,0.75716925,0.7744929155401111,0.6679377804772951,0.2476380129526473,0.9170194721371949,1,1
0,0.33833438,0.32569521879501107,0.35369399014334485,0.2554527343194425,0.9373239046792794,0,0
1,0.99897665,0.9994295885683778,0.9905128711676574,0.015391479541249304,0.07737363134528293,1,1
1,0.9998154,0.9999110811555698,0.9973470946552275,0.008408265604545214,0.02652637603746405,1,1
1,0.99999815,0.9999993981984172,0.9998982288483305,0.0003490202550396753,0.0014965453284042527,1,1
0,0.5992554,0.6074376415245843,0.622166420642652,0.2180127537809639,0.9564975663591254,1,1
1,0.99867487,0.9992448715572476,0.9897838536261584,0.018669157685055813,0.08222266718664038,1,1
0,0.02498709,0.018425078706221752,0.03130410004377666,0.03371415578866212,0.2008902768495241,0,0
1,0.9856477,0.9899370121856322,0.9198371906215956,0.10621738118838137,0.4027525995029781,1,1
1,0.99999994,0.9999999745798132,0.9999624861502769,0.00014560728609149556,0.0006056567946570693,1,1
1,0.99998987,0.9999961862992819,0.9995510903250849,0.0012009895232222914,0.005639947791251621,1,1
0,0.02572321,0.01901881307462478,0.011243186935199389,0.014436564051811648,0.08892640611748101,0,0
1,0.99035645,0.9934736375014349,0.9391993692265517,0.0850608132266042,0.33061495966484666,1,1
1,0.86170113,0.8792080059361952,0.7882283111181523,0.20510344954702686,0.7448556381742876,1,1
1,0.99511266,0.9968835802476617,0.9574106854935289,0.07418794396049677,0.2540406764877952,1,1
1,0.99999964,0.9999998986934053,0.9999856174058166,4.955835400162228e-05,0.0002520981284335647,1,1
1,0.99916726,0.9995439380966827,0.9777383577893604,0.03620614577959253,0.15395733950157747,1,1
1,0.9999961,0.9999986562165014,0.9999053695062894,0.00025403229708294446,0.0014014740253079387,1,1
0,0.008629474,0.0057830994163543354,0.01997366812943525,0.026638374448390116,0.1412926711996598,0,0
1,0.99979484,0.9999002836846065,0.9979413401567335,0.0030225269634881224,0.021338601811665817,1,1
0,0.9336108,0.9462497063109331,0.7366999142994447,0.2140537955161483,0.8316855270766863,1,1
1,0.9999463,0.9999767094625881,0.9992941972686472,0.0013042760839028019,0.008406557415352713,1,1
1,0.99126,0.9941362536995154,0.9494305409906209,0.07497052090632804,0.28881107066546835,1,1
1,0.9997169,0.9998585659253608,0.9977299510357862,0.003490288024037044,0.023209246602144636,1,1
1,0.9999983,0.9999994402057709,0.9999312686403741,0.00024793775345776183,0.0010496184106780365,1,1
1,0.99977225,0.9998883155244437,0.9969655823787731,0.005656837095567689,0.029752066004815777,1,1
0,0.82370335,0.8419278303933356,0.4843546498519504,0.22965609459634984,0.9992936076272971,1,1
0,0.918873,0.9329789901990999,0.8027848368553149,0.20543951724494006,0.7163233343003351,1,1
1,0.9999434,0.9999753320298564,0.9993218855603573,0.0014662692738594103,0.008115937663477228,1,1
1,0.99998736,0.9999951540132601,0.9996794810899873,0.001368767456618236,0.004182697003272119,1,1
1,0.99999934,0.9999998044543978,0.9999593738258638,0.00012806170891527073,0.0006512333747368317,1,1
1,0.99977416,0.9998893300904487,0.9975303151692693,0.0039255206828367264,0.024949668492129567,1,1
1,0.9960983,0.9975601925282415,0.9745187422234978,0.039376113283409654,0.1711977606833917,1,1
0,0.21917847,0.20126335959407432,0.1321678377425598,0.14264532127122798,0.5633536553751254,0,0
1,0.9999954,0.9999983850499677,0.9998704951930667,0.0003936412781752067,0.0018593404459311168,1,1
1,0.99996316,0.9999845287560444,0.9994441948763668,0.0012499554667028826,0.006811629276512532,1,1
1,0.9999996,0.9999998802506141,0.9999323595007092,0.0003301240654932509,0.0010345208126358628,1,1
0,0.05778298,0.04614376642129005,0.09877458401088501,0.11152286326033198,0.46509903719693035,0,0
0,0.03402585,0.02582262184711864,0.05310958325338319,0.0579677120213238,0.29946219489067943,0,0
1,0.99999714,0.9999990329073072,0.9998614915615149,0.00034437287154850667,0.001975176543288871,1,1
1,0.9999993,0.9999997850944178,0.9999229371006642,0.00020549253089027157,0.0011641309190439165,1,1
0,0.0006923944,0.00037327463402732163,0.0009207688578306506,0.0013300668077449974,0.010613614214358668,0,0
0,0.0051600193,0.0033058616222195274,0.0063033465579620486,0.009386290199940937,0.05514044561661817,0,0
1,0.9999485,0.9999777453690044,0.9985373836865727,0.0036395184223163403,0.015882363914274306,1,1
0,0.99877906,0.999309102201466,0.9841185873188116,0.020978092434700973,0.11764465864783384,1,1
0,0.008337112,0.005570241960624493,0.008690203867617246,0.010370414530062348,0.07197924152317782,0,0
1,0.9999934,0.9999975984665332,0.9997895646412884,0.0005421556996012468,0.002873890121146686,1,1
1,0.9914227,0.9942549441728804,0.9581155632482734,0.048749853498501014,0.2508665340155006,1,1
1,0.9993961,0.999678200597463,0.9940904454610301,0.011666621566801856,0.05224730938664464,1,1
1,0.99999976,0.9999999347496034,0.9999715548103373,0.00011819059721810118,0.0004706009240689291,1,1
1,0.9999944,0.9999979947964258,0.99904217437003,0.001831961582804196,0.010986215182235502,1,1
1,0.99980325,0.9999047082612348,0.9986581161476868,0.002498283641310634,0.014738247329507851,1,1
1,0.99996203,0.999984012005272,0.9991702754653788,0.0021310679379223625,0.009688839661578633,1,1
0,0.004067214,0.0025524589326707922,0.003069488161185166,0.005185569018647169,0.03004496287140414,0,0
1,0.99977577,0.9998901855630602,0.9969625650563885,0.004324855586370317,0.029777288590168552,1,1
0,0.009161591,0.00617217751870439,0.012601512829773384,0.016698067962285266,0.09758392008952677,0,0
0,0.609753,0.6187382194683433,0.24057479869444662,0.21407976392849115,0.7959948435896034,1,1
1,0.999339,0.999645049159798,0.9964416333727343,0.006624195855485152,0.03407027264181538,1,1
0,0.9997651,0.999884504496083,0.9971750323921498,0.006257819635657289,0.02799035901152499,1,1
1,0.9938469,0.9959969573465429,0.8888532522338934,0.1350432353536744,0.5033652354660826,1,1
0,0.02104744,0.015277463946011241,0.06822464719959352,0.0604413245342053,0.35926318112878497,0,0
1,0.9993779,0.9996676740553571,0.9852850755902277,0.02232875604136099,0.11063569062365254,1,1
1,0.9941008,0.9961762383168155,0.9720910815886553,0.0282510215158086,0.18379426706349777,1,1
0,0.006565538,0.004295643987765822,0.008506997629550992,0.015115013397600066,0.0707244160388604,0,0
0,0.001685194,0.0009802903461387062,0.003206200100716515,0.005552760346155491,0.03118125654946076,0,0
0,0.5196949,0.5213665317547768,0.39116684938160673,0.2621163874418136,0.9655484304891057,1,1
0,0.86631024,0.8836558206376274,0.6312796028161343,0.24967972000800182,0.9496845102226784,1,1
1,0.99976254,0.9998831364533386,0.9971392024735621,0.0059514894993838345,0.028293277041441908,1,1
0,0.9981818,0.9989354381111828,0.9869155720915789,0.020977594502793764,0.10060905166356594,1,1
1,0.73355037,0.7500287504040698,0.6549443028086924,0.20600932553989532,0.9295746905280319,1,1
0,0.0012957038,0.0007369418159843687,0.0019258212222381626,0.0029713812091532606,0.02014720108209744,0,0
1,0.999964,0.999984908658631,0.9989477729265507,0.002173713521777013,0.011926229920789788,1,1
0,0.0035345338,0.0021913846895545,0.00654727625963624,0.011987995923865827,0.0569144987404409,0,0
0,0.00025578905,0.0001266803190905957,0.0003800204225344347,0.0006839226439206275,0.0048658028879208295,0,0
0,0.83299005,0.851133567277219,0.4416615966901039,0.24034692849412098,0.9901575489214258,1,1
1,0.9999732,0.9999890342315376,0.9991625989932905,0.0014054664439573819,0.009767348657741402,1,1
1,0.99999917,0.9999997459710029,0.9999361532929547,0.00015352034334472795,0.0009818140541116497,1,1
1,0.993483,0.9957388836519394,0.9197038583793129,0.10403346851338216,0.40322180497802784,1,1
0,0.093169056,0.0780671356136663,0.20425035876046646,0.1564054551743043,0.7303477930915394,0,0
0,0.5778037,0.5842939042955008,0.18033552614235948,0.13910104287405997,0.680810501856382,1,1
0,0.06926464,0.056316274230858554,0.05574108462729606,0.06342743179958218,0.3103012996103809,0,0
1,0.9493934,0.9601077797433504,0.8443815858919771,0.19699420523979289,0.6237235973776181,1,1
0,0.8332471,0.8513875784949585,0.6629712811467904,0.19231042036424098,0.9219469729620571,1,1
1,0.99997365,0.9999892455867061,0.9994495226134164,0.001235031394895195,0.006753987041431637,1,1
0,0.014353603,0.010063966922229736,0.01927884858865281,0.027657561391284433,0.13737211713065997,0,0
1,0.9999304,0.9999691340301534,0.9984352836821176,0.004862726683147675,0.01683861471513376,1,1
0,0.46722275,0.46444655110430094,0.39057539187386664,0.23805998268502224,0.9651698653959104,1,1
1,0.70773023,0.7230288898914496,0.5084263386385564,0.20948149283723272,0.9997951184216196,1,1
1,0.9981135,0.9988919427453139,0.9887158082602194,0.012880939069207165,0.08919112638063564,1,1
1,0.9999783,0.9999912883702259,0.9997030930387535,0.0007455408989467381,0.00390734973826755,1,1
1,0.99996173,0.9999838757986645,0.9992140401489586,0.003984608639767002,0.009239260410938576,1,1
1,0.9503362,0.960922444928603,0.8158987807257334,0.14831086797562879,0.6889672628758408,1,1
1,0.9973563,0.9984014752195719,0.9815440713234714,0.026596579404612963,0.13268098332617348,1,1
1,0.9999955,0.9999984305106292,0.9998822570024123,0.0002620861696019494,0.0017066472160464478,1,1
1,0.99809456,0.9988798489717801,0.9900844321517824,0.02197941164656531,0.08023288417064087,1,1
1,0.9999999,0.9999999692409262,0.9999480201934304,0.00021032227451789893,0.0008147495123770754,1,1
0,0.0027392667,0.0016613802157213605,0.013807674214979661,0.01792144160529794,0.10509123860641051,0,0
1,0.99961764,0.9998040390096797,0.9944455316930915,0.011392009560128735,0.04960593646061903,1,1
0,0.4235234,0.4171398265762225,0.158861516513501,0.1331479813687988,0.631578970725808,1,1
0,0.5196409,0.5213079572386747,0.39062925214184824,0.2030930401205638,0.9652044266399917,1,1
0,0.00684535,0.004495102018732427,0.0070476396882009455,0.010310791187799406,0.06051274958107013,0,0
1,0.9311748,0.9440766500267094,0.7860795432508582,0.16844076094443805,0.7489100214601155,1,1
0,0.26638934,0.24990850398289866,0.18382516668809384,0.16184813711080162,0.6883739659065077,0,0
1,0.98564905,0.9899380595943265,0.9083370876543819,0.13244418473058128,0.4419961799856843,1,1
1,0.99974585,0.9998741980196211,0.9972043001026288,0.004884940040855749,0.027742432553080627,1,1
1,0.999986,0.9999945810430847,0.9995677696393712,0.000982797403745814,0.005454010273573155,1,1
1,0.99999654,0.9999988124857786,0.9999303580245104,0.00021113363080759945,0.0010622022632178567,1,1
1,0.9907189,0.9937401528426069,0.9338663439923834,0.06722500783888295,0.3513266724819165,1,1
1,0.9999454,0.9999762884602916,0.9990995981785652,0.001933689024341069,0.010407914602602306,1,1
1,0.999991,0.999996646483118,0.9997835783924363,0.0004983525635210061,0.0029468846378070427,1,1
1,0.99981326,0.9999099590587105,0.9972485480578658,0.007852834867420994,0.027366765404959397,1,1
0,0.9894337,0.9927910874670204,0.9041334460498538,0.1001634394995991,0.4557542276323352,1,1
1,0.99982244,0.9999147512914915,0.9976406437507748,0.004059412038931344,0.02399083749433901,1,1
1,0.99999875,0.9999996055990522,0.9999550399444491,0.0001150116213312738,0.000714130202901955,1,1
1,0.9999563,0.9999813816786286,0.9984313543256789,0.0032890733287675986,0.016875219857839057,1,1
1,0.99978894,0.9998971677882627,0.9977965998137822,0.0074013526132475785,0.0226226560763969,1,1
0,0.838484,0.8565521216754888,0.4828245176769594,0.23645944218298132,0.9991486505484919,1,1
0,0.02019589,0.014604207826275832,0.021631494021840794,0.024455478550421732,0.1505054535375931,0,0
0,0.0016800571,0.0009770464381054975,0.003166734253666733,0.00484437012142907,0.030854115016174327,0,0
1,0.99999684,0.9999989231389422,0.9999129591493997,0.00020645457138319075,0.0012995703893804115,1,1
1,0.9999952,0.9999982938295757,0.9998356123859942,0.0004423889225246236,0.002303594413672902,1,1
0,0.0075683035,0.005013769550917479,0.01600154543598855,0.0222759353723343,0.1183591950746287,0,0
1,0.9969946,0.9981625918945397,0.8444147274356375,0.18618073985718037,0.6236427298807287,1,1
1,0.999679,0.9998379364053012,0.9959840956360034,0.006904017287120243,0.037748913351563204,1,1
1,0.99100226,0.9939478534731773,0.8808273101501741,0.13158342866659806,0.5269781031131877,1,1
1,0.9857381,0.99000607561411,0.7674460758922749,0.21673935248078055,0.7824368684048084,1,1
1,0.99760693,0.9985653750693214,0.9917154466371049,0.010426257087929871,0.06919310988191492,1,1
1,0.9999595,0.999982865107228,0.9990295419662025,0.0020633737536146592,0.011112755053631058,1,1
1,0.99964845,0.9998211167212924,0.9960517631068224,0.006263054175307673,0.037209838655425466,1,1
0,0.08081729,0.06673921799142789,0.054560961922917504,0.06111439371128508,0.3054643877744143,0,0
1,0.99973017,0.9998657565004907,0.9973080994515441,0.005511734777587758,0.026859543216030266,1,1
1,0.9999997,0.9999999168756875,0.9999769306995087,6.629459430930764e-05,0.00038863338610441845,1,1
0,0.03463579,0.026329563465385824,0.03405651446051413,0.04264302817094747,0.21434387335067542,0,0
1,0.95594096,0.9657310660628081,0.7177352656678615,0.2037810426531417,0.8585183476672347,1,1
0,0.23778781,0.22031555209715847,0.24899688729273808,0.19080678088355746,0.8096843537998899,0,0
1,0.9781568,0.9840910229674885,0.9071342828385955,0.1104509674312543,0.44596355675754196,1,1
0,0.03259801,0.02463948016919027,0.039609348748050104,0.059622799439552863,0.2404981919908757,0,0
1,0.99999213,0.9999971017597765,0.999762077813388,0.0004364017418812508,0.003207130636315105,1,1
0,0.002899131,0.0017669545979330814,0.004560497110569617,0.006576517919211676,0.04202951181002911,0,0
1,0.99841994,0.9990859285183503,0.9925748349565273,0.009898963345585451,0.06319325413165704,1,1
1,0.9998709,0.9999396743160969,0.9971428781204158,0.005787268991346364,0.02826223192683745,1,1
1,0.9976615,0.9986008472835992,0.9837114357630813,0.02094587714784683,0.12006101575840679,1,1
1,0.999894,0.9999513049147223,0.9992363086339752,0.0013275496470932212,0.009009165229639975,1,1
1,0.9717754,0.9789514430269112,0.9063213860565247,0.10422418649147759,0.44863079756340535,1,1
0,0.7179238,0.7337178850537008,0.7000928632756558,0.24376956634198071,0.8811773542426408,1,1
0,0.65765214,0.670030775090748,0.20965366654737735,0.20291995449179903,0.7408202144882388,1,1
1,0.9999952,0.9999982938295757,0.9998733576383249,0.0003620570525511956,0.001822327355127208,1,1
1,0.99999905,0.9999997063681817,0.9999743265663272,7.742935551744184e-05,0.00042854200066783657,1,1
0,0.0066571296,0.004360851115598962,0.008900006178450388,0.014104008589534355,0.07340933230940963,0,0
1,0.98326993,0.9881069228705867,0.8869973883922704,0.12151486972804748,0.508906834109773,1,1
1,0.9999773,0.9999908460657815,0.9995126477128191,0.0012583575876704842,0.006065143464515898,1,1
0,0.080673285,0.06660822993878456,0.25143712548717845,0.19577933097126884,0.8135479788724432,0,0
1,0.9999243,0.9999661987981663,0.9975684325501619,0.007413768987400715,0.024619224778596488,1,1
1,0.9999851,0.9999942047583649,0.9995222362935376,0.0007860585915319615,0.005959512423966244,1,1
1,0.9974606,0.9984698575455841,0.9834193608923172,0.017113070633139882,0.1217852013557306,1,1
1,0.9900659,0.9932593173973995,0.9314642743601108,0.0730805843701162,0.3604353534041433,1,1
1,0.9999734,0.999989139949406,0.9997270672362046,0.0011591427332716586,0.003625001517702599,1,1
0,0.8314626,0.8496234145775104,0.47062653883504646,0.26070078192042323,0.997509050850344,1,1
0,0.11125493,0.09495668429842426,0.23817410340307008,0.1741984578670162,0.7919906694943847,0,0
0,0.61788756,0.6274819911223375,0.24987020100850327,0.20114802538466284,0.8110723331009492,1,1
0,0.01049712,0.007157549542851485,0.020018328180949438,0.032339694118039705,0.1415434376004251,0,0
0,0.4029551,0.3949441788085195,0.343679433006611,0.17142832369751837,0.9282962255245772,0,0
1,0.999999,0.9999996864048335,0.9999716315558322,7.350587464805969e-05,0.00046944180901922945,1,1
0,0.008839939,0.005936736577178703,0.006970500790333455,0.008466913520033021,0.05996148254695337,0,0
0,0.9957082,0.9972940414613982,0.9675988177446797,0.0688573559566883,0.20629429865185975,1,1
1,0.9999813,0.9999925788045131,0.9994750781902251,0.0014102935064522668,0.006476446530007117,1,1
1,0.9994673,0.9997191757356103,0.9944991850212666,0.009877332220433958,0.04920401245606269,1,1
1,0.99996006,0.9999831113922517,0.9992432342416051,0.0013492903804527415,0.008937414639891967,1,1
1,0.9996733,0.9998347988757615,0.994390548350824,0.008186005228054391,0.0500170437607889,1,1
0,0.5568806,0.5616667451754012,0.37411467600775844,0.23207744603061106,0.9537791365063303,1,1
0,0.0034038478,0.0021035010010905177,0.006121767807175058,0.008763975193942999,0.05381098817060982,0,0
0,0.014474587,0.010156438845818388,0.027224424370680445,0.03051108657241363,0.1802755300333548,0,0
0,0.043411415,0.03371723582161549,0.04964582738846139,0.07201626772201158,0.28489054832041727,0,0
0,0.94647765,0.9575783952904677,0.7300542342461825,0.19909341786378898,0.8413868027133516,1,1
1,0.9999991,0.99999972622572,0.9999835207107557,4.9100153454649955e-05,0.00028561359655514485,1,1
0,0.3426966,0.33034080469982824,0.21759186872147815,0.16924769100774234,0.7557458843860378,0,0
1,0.96712446,0.975130954006896,0.8943137219733446,0.11823703081608286,0.48676575885027795,1,1
1,0.9999952,0.9999982938295757,0.9998600131656608,0.00026225790422701955,0.00199411459520393,1,1
1,0.9898716,0.9931157217427875,0.9337594623038341,0.07823615417961312,0.35173480146899505,1,1
1,0.9592931,0.9685774315022948,0.7985154325004231,0.15741667378518961,0.7248873119570081,1,1
0,0.49685675,0.4965896609305891,0.3076249986202801,0.20660383586774334,0.8904128783108937,1,1
1,0.99998015,0.9999920903572733,0.9989242539380324,0.00655550800549168,0.012158475179087285,1,1
1,0.99996656,0.9999860707547539,0.9983382839713272,0.005188516270057288,0.017738164099142882,1,1
1,0.9025762,0.9179904567199916,0.7532660081209817,0.19806778301052486,0.8060604668030222,1,1
0,0.009879408,0.00670027895006325,0.009462921488984382,0.016621241824193597,0.07721125041877226,0,0
1,0.99893343,0.9994033962171502,0.9926171666123222,0.012448447004082869,0.06289410647745461,1,1
1,0.9283205,0.9415197891207312,0.7713187233180996,0.2072681335344098,0.7757053798507191,1,1
1,0.99999934,0.9999998044543978,0.9999570519637766,0.00010659125942547661,0.000685008824534999,1,1
1,0.99997973,0.9999919097976107,0.9995170465162593,0.0011637360093649342,0.0060167188947472285,1,1
0,0.28290412,0.267148891256146,0.11557173476052933,0.10055631245455565,0.5164965515742466,0,0
0,0.0067401817,0.004420047940592432,0.00830053270899348,0.018781860064992,0.06930339863234734,0,0
1,0.9998887,0.999948654596983,0.9986947726937021,0.0024461572692622254,0.014387829046143864,1,1
1,0.9999864,0.9999947559528104,0.9998414308576199,0.0002997135561838129,0.002230303685677,1,1
0,0.99770206,0.9986272014225803,0.9745619853999447,0.045612658153551595,0.17097036910359834,1,1
1,0.99993247,0.9999701362951359,0.9989411401247843,0.0020103935642408004,0.011991803636516862,1,1
1,0.9999945,0.999998041043718,0.9998972248002369,0.0002371018253287028,0.0015098541292755212,1,1
0,0.010675998,0.007290432974597362,0.015536770094423911,0.022810864763462908,0.11558733469700037,0,0
1,0.9999755,0.9999900614683104,0.9994918553835725,0.0013120281407039468,0.00629327029280032,1,1
0,0.99993706,0.999972331911567,0.9980120930910584,0.0040216956453872086,0.020705629259666413,1,1
0,0.0004491008,0.00023333980424111058,0.0012273427888998593,0.0020954688452451318,0.013638301042677744,0,0
1,0.99997807,0.9999911844535403,0.9984558284462921,0.004753043873337511,0.016646990579582504,1,1
1,0.9990583,0.9994788211180127,0.9829227421970508,0.027091165695985985,0.12469959716102841,1,1
0,0.38782898,0.37866144293904236,0.3963203561611708,0.2499271704385085,0.968757403391604,0,0
0,0.0013907809,0.0007958269982728443,0.002702123342221133,0.004341257363973203,0.026946749034409807,0,0
1,0.99999803,0.9999993559599762,0.9998933740479048,0.0003055064589797016,0.0015607663632019268,1,1
1,0.99896246,0.9994210005315604,0.9849769649989786,0.024739876438608404,0.1124997485654568,1,1
1,0.9999998,0.9999999522440163,0.9999876457481724,2.534568170232698e-05,0.0002192548476927216,1,1
0,0.06575189,0.05318317927057152,0.08774934236787604,0.0735517183861424,0.42891246101068575,0,0
1,0.99998116,0.9999925275046789,0.9991028964507237,0.002182728358003998,0.01037454106279941,1,1
0,0.014602677,0.010254421397392589,0.009692885494731546,0.010753725514216841,0.07875022115926827,0,0
1,0.9965172,0.9978434273456683,0.9634142143923744,0.0615714707463552,0.2264129291601497,1,1
0,0.64056283,0.6517877456919223,0.2827105304481551,0.2120450909624009,0.8591178614701763,1,1
1,0.99999815,0.9999993981984172,0.9998401431186218,0.00029652440701268977,0.0022465504812554543,1,1
1,0.99999696,0.9999989671568253,0.9998543644165504,0.0004861099614333375,0.0020662688420987436,1,1
1,0.99938744,0.999673199506673,0.9937595673877228,0.01225118416223817,0.054680682250534934,1,1
0,0.0056671235,0.003660506119946864,0.01297324316701538,0.01741135786954529,0.09991489949927111,0,0
1,0.99999076,0.9999965499913638,0.9998639385997389,0.00023390297155756164,0.0019437801613321152,1,1
0,0.8328868,0.8510315496279023,0.40549610292602556,0.26908970528726633,0.9740749539207462,1,1
1,0.99999964,0.9999998986934053,0.9999850105370733,3.527115308590579e-05,0.0002618415745953303,1,1
0,0.20188089,0.18371405704844315,0.10501064371862899,0.1269237462467601,0.4846806439004996,0,0
1,0.9891824,0.9926042399987699,0.9342841208024223,0.07206139793550943,0.349728822961474,1,1
1,0.14318912,0.12552984517558946,0.07523694823971293,0.07458099518746872,0.38516977764175797,0,0
1,0.9555296,0.9653801735172898,0.7507605109156923,0.2382077916617473,0.8100705165457126,1,1
0,0.64991057,0.6617752221029829,0.28072924914864883,0.19229303041348528,0.8564425617826024,1,1
1,0.9999998,0.9999999522440163,0.9999800497022313,4.975196258928034e-05,0.0003402705000648213,1,1
1,0.9995267,0.9997529731474825,0.9952808115333411,0.007734710083178681,0.04325858734877127,1,1
1,0.99964845,0.9998211167212924,0.9943517342324766,0.009690677616651178,0.05030678343178789,1,1
1,0.9982753,0.9989947205515308,0.9845356007285482,0.032584321950542915,0.11515390604670664,1,1
0,0.061558913,0.04946709700316402,0.05812764110106508,0.0801712036680496,0.3199670725940382,0,0
0,0.04777873,0.037453618182995654,0.11603606123383542,0.08943926864635661,0.5178582741649603,0,0
0,0.9737239,0.9805341357533197,0.7673037212626659,0.1880676119929732,0.7826819923740914,1,1
1,0.9999917,0.9999969346344406,0.9998798288015089,0.0002395331595304012,0.0017383039733880465,1,1
1,0.9999999,0.9999999692409262,0.9999803315974306,7.751023694901143e-05,0.00033586632662366213,1,1
1,0.99995106,0.9999789445178127,0.9981736923218334,0.005454411340661318,0.019246052707513523,1,1
1,0.99987847,0.999943502492482,0.9957988799429509,0.007763774888925375,0.03921607184335399,1,1
1,0.99266446,0.9951537261251818,0.969109337356013,0.05309388018801385,0.19883900831386203,1,1
0,0.9932917,0.9956026669854979,0.8960608887019051,0.1264718910169762,0.48135933907350037,1,1
1,0.9989714,0.9994264143434751,0.9895193625529096,0.021116874527677337,0.08396288130966886,1,1
1,0.9999997,0.9999999168756875,0.9999841036466373,5.2819687008511254e-05,0.00027633629660169196,1,1
1,0.9999864,0.9999947559528104,0.99961578453919,0.0008921575543000587,0.0049134297877308835,1,1
0,0.8076733,0.8259076611929552,0.48217660037604637,0.23398029800335002,0.9990831935988429,1,1
0,0.16943708,0.15126685045664495,0.19488539032292732,0.15196058619565891,0.7115801740697831,0,0
1,0.999578,0.9997819001798711,0.9958244478166083,0.008456207237049249,0.03901425556252674,1,1
1,0.9995238,0.9997513523082272,0.992777211018651,0.01174197059212967,0.06175990588529243,1,1
0,0.0071746274,0.004730755225970749,0.010309838622846639,0.014966324320931224,0.08284024216371068,0,0
1,0.9998821,0.9999453340953965,0.9973771128041335,0.004953950109976149,0.026269342829981054,1,1
0,0.00086167816,0.00047329100713499125,0.0015388772122445751,0.0024192945541732153,0.016597545657217373,0,0
1,0.99999565,0.9999984758683755,0.9997773297214956,0.0013512952496488183,0.0030228242447908195,1,1
0,0.0024319375,0.0014599497427196899,0.0045238347255415305,0.006641875488837355,0.04174443097344944,0,0
1,0.99712807,0.9982510452016264,0.9772658470002689,0.031190983826770605,0.1565283955483762,1,1
1,0.98849773,0.9920931552116752,0.9111446556470684,0.12114629907972176,0.43263752124132493,1,1
1,0.9999939,0.9999978089858936,0.9997586266474744,0.0007800793191079778,0.0032486359573924354,1,1
1,0.99995375,0.9999801937280766,0.9991318145600541,0.0011994163000678465,0.010081176372598238,1,1
0,0.87000006,0.8872038275843839,0.42540629515577594,0.24579456411751965,0.9838849603498645,1,1
1,0.99997044,0.9999878128881857,0.9993256500485278,0.001508129070745577,0.008076300540807942,1,1
1,0.98570967,0.9899843639433049,0.8675576049237128,0.1435473931610664,0.5640986170661414,1,1
1,0.99997795,0.9999911324591166,0.9995143500271056,0.0009187857406063951,0.006046410231335515,1,1
1,0.99999917,0.9999997459710029,0.9998535014152914,0.0004347394985780065,0.0020772642312157914,1,1
0,0.24765481,0.23048413429826317,0.14702603171971926,0.12060901595987027,0.6023476340920518,0,0
1,0.097791545,0.08235122523742437,0.08330516537158987,0.08699857089867023,0.413719397672905,0,0
0,0.7617991,0.7792596293011302,0.4374112818699218,0.2639758173171061,0.9886672186775634,1,1
1,0.9996937,0.9998459543762749,0.9965588893034786,0.004485061556617243,0.03311422093919777,1,1
1,0.99999744,0.9999991417066255,0.999837832360591,0.0003982771111815381,0.0022756667762832378,1,1
0,0.8116878,0.829934579986082,0.3369273017922289,0.20361331835501262,0.9218479491132253,1,1
1,0.9891329,0.9925673640091002,0.8608956237889046,0.14721937792321207,0.5818884392475887,1,1
0,0.98566425,0.9899496715441257,0.8899385585880892,0.1324504652461665,0.5001012561958335,1,1
0,0.5622324,0.5674586411618457,0.17230651648785428,0.14859228937569677,0.6629540113788178,1,1
1,0.99023044,0.9933807706843185,0.9491612840639498,0.07462918704881574,0.2899491350408614,1,1
1,0.99580526,0.9973604607274593,0.978411790680248,0.026112135435588026,0.15026735958245577,1,1
1,0.9999318,0.9999698215774998,0.9985565431384275,0.0024664652609871387,0.015701793248237405,1,1
1,0.9995316,0.999755773871707,0.9934644125708147,0.00949233916569779,0.05682979317915361,1,1
1,0.9999822,0.9999929626568048,0.999575080080562,0.0007627783003548447,0.005372224250241501,1,1
0,0.0059400164,0.003852541507845344,0.0068547011333853144,0.011690361514450298,0.05913159676653524,0,0
1,0.999922,0.9999650711013618,0.9968182001983966,0.012834871091782237,0.030979080351971874,1,1
1,0.99996096,0.9999835212408489,0.9986487302571843,0.0027881540503279525,0.01482773754068278,1,1
1,0.998255,0.9989818889985632,0.963736586509891,0.07651367175033412,0.2248895863957088,1,1
0,0.054932076,0.04364980832584726,0.0473010391963969,0.06547021818027504,0.27481940616407313,0,0
1,0.7289102,0.745195257331065,0.6294680932913943,0.24451371349177922,0.9510796294227811,1,1
1,0.99981636,0.999911579509583,0.9966080146228649,0.005698354364367699,0.03271196711255541,1,1
1,0.9999664,0.99998598991732,0.9986037816152443,0.005403572990825587,0.01525500819007212,1,1
1,0.99916583,0.9995430876977317,0.9892865257255203,0.022029088515690656,0.0854867638392051,1,1
0,0.24123067,0.2238585807505034,0.11128949381264171,0.10677561215186515,0.5037932505841972,0,0
1,0.99999005,0.999996259264123,0.999795469280428,0.00044930745708959645,0.002801650000809942,1,1
0,0.4324265,0.42676376072274047,0.3609656757885861,0.2650558502611511,0.9434818541143827,1,1
1,0.9997087,0.9998541340135716,0.9951103238750045,0.011694909819024223,0.04457041247511386,1,1
1,0.9999106,0.9999595083168128,0.998124682469844,0.005092029159928867,0.019690816868110087,1,1
1,0.5275656,0.5299026000726794,0.19051303140832193,0.17681451562539366,0.7025434490181245,1,1
1,0.8772792,0.8941689793389004,0.7342398828514292,0.1914400901279956,0.8353146612209017,1,1
1,0.99971974,0.9998601161514665,0.9980319707361751,0.0031725639349351516,0.020527149578218044,1,1
1,0.9999449,0.9999760636852865,0.995445406616658,0.01193404035174028,0.04198363431632381,1,1
0,0.0044051856,0.002783754680387895,0.004109314287563227,0.005933882767658276,0.03849035801841973,0,0
1,0.99999523,0.9999983166713337,0.999544652623255,0.0014205562944403997,0.005711472842201224,1,1
1,0.99644774,0.9977966739534633,0.960643396115394,0.06213144556819579,0.2393344254894497,1,1
1,0.9860405,0.9902367332550626,0.8294596554965349,0.18111506629000423,0.6589393667828771,1,1
0,0.65231943,0.664345596109215,0.3626419603197754,0.26838066588352144,0.9448543845245064,1,1
0,0.99891144,0.9993900299276928,0.9933826381897256,0.010567691118804961,0.05742175465078707,1,1
1,0.536302,0.5393744415174402,0.36403061544668264,0.24658847370440407,0.9459781212867645,1,1
1,0.9867909,0.9908071473442291,0.9206596664302213,0.09655014978417248,0.39985053895173595,1,1
1,0.9999265,0.9999672659459481,0.9986874241568197,0.002747237700656436,0.014458195254866767,1,1
0,0.87149274,0.8886358608316155,0.7306206146397244,0.1843351151017459,0.8405726829625005,1,1
1,0.99994,0.9999737221073776,0.9992431797580908,0.001501655769715564,0.008937979455305164,1,1
1,0.9949735,0.996787001005282,0.9597995232776367,0.06446657556280555,0.24321061355240794,1,1
0,0.24880604,0.23167341696759422,0.1024045235759711,0.09753558267520378,0.47657173873929837,0,0
1,0.9982476,0.9989772060425991,0.9737470957473348,0.029831437588521248,0.17523731681611732,1,1
1,0.9999633,0.9999845830730406,0.9996374190564257,0.0008432855955519351,0.004667084886077888,1,1
1,0.99331033,0.9956159646227147,0.9736128479503771,0.04160598993745975,0.17593664262721606,1,1
1,0.9902509,0.9933958459263765,0.7877740820902546,0.21401757543988123,0.7457160124331034,1,1
0,0.07636788,0.06270411364103742,0.06221238148961209,0.06186229828614952,0.336165352682214,0,0
0,0.31315935,0.2989865932675854,0.3671018653971608,0.19986422761593525,0.9484208077809826,0,0
0,0.073856324,0.06043774005598086,0.10171198059013102,0.11037778554664708,0.47439907089594213,0,0
0,0.98519874,0.9895935115129957,0.8560558302303134,0.19782757294317788,0.594475756070834,1,1
0,0.1474861,0.12970840075595777,0.10005877359988735,0.09453365288275993,0.4691818738114007,0,0
